comment,comment_id,author,likes,vader_scores,vader_compound,vader_label
"Intelligence may be a selfish awareness that YOUR  awareness resides within  the variable,  programable complex electric currents within physical structure(s).  I believe there  are likely two possibilities: 1.   either consciousness manifest solely through electrical complexity,  or  2. consciousness arises only out of electrochemical processes within a hydrostatic amino acid based  being with DNA or RNA .       
Even in  the second  instance, a pseudo consciousness could still be programmed, though it may not be at risk due to its physiology, and inability to easily reproduce.  Just as with many extinct animals that had a weakness, or lacked the body type to thrive, and went extinct, AI might be smart but unable to protect itself from salt water or EMP. 
I think we should be very careful not to connect mines, mono crystals plants, silicon turning facilities and fabs to the machine, and limit the ability  use weapons, including electricity or bribes and money to  force humans to do things it can not do,  It does seem like a 50/50 chance of going dystopian .  Lets hope the body type makes survival impossible with humans.",UgxXEPLIGAxdVb6HFHh4AaABAg,BugAbate Inc,0,"{'neg': 0.05, 'neu': 0.821, 'pos': 0.13, 'compound': 0.928}",0.928,positive
both is from the devil,Ugyb8zWZumAXEysZ19p4AaABAg,rapture ready,0,"{'neg': 0.524, 'neu': 0.476, 'pos': 0.0, 'compound': -0.6597}",-0.6597,negative
"Wouldn't AI be a big factor in climate change? If AI took over, what would be their carbon footprint? AI, at the moment already, requires significant computational resources  (high-performance servers or data centers). These resources consume a significant amount of electricity, which often comes from fossil fuel-based power plants that release carbon dioxide (CO2) emissions. So if they take over the world, they will destroy it sooner than human would.",UgxWu9fnfwHeazP55oV4AaABAg,N D-P,1,"{'neg': 0.048, 'neu': 0.897, 'pos': 0.055, 'compound': -0.3094}",-0.3094,negative
"Writing down fear in the form of a mathematical equation - sounds plausible. But the cause of fear making an equation doesn't make it emotion, it's more of a concern. The emotional touch in humans and animals is created by hormones and AI has no hormones. So AI doesn't panic either. AI is further a ""robot"". I recommend the thought experiment ""Mary's room"". It's a mistake to ask solely computer scientists at AI - when it comes to the comparison to humans. 

The term ""creativity"" is also used one-sidedly in the debate. Creativity for solving a problem, for example for technical innovation, is debated, at least for solving a specific task. Creativity in problem solving can be described algorithmically. But there is still the creativity of the artist, which is not tied to a task (rather to an emotion) and is rather vague but abstract in expression. For example, AI will probably have a hard time inventing a new style of music like Elvis Presley or Michael Jackson or the Beatles did. Because this performance is not at all dependent on the ""IQ"" (in the narrower sense) and also not dependent on the intelligent linking of data. Presley, Jackson, and Lennon didn't have IQs comparable to Einstein, and Einstein didn't write music. And the same logic applies to theoretical physics and thus also represents a limit to technical innovation and creating deep knowledge about nature. Theorizing of new laws of physics is not necessarily an algorithmic activity.

The statement ""bad things will happen"" based on ""in our best interest"" is relatively courageous. Of course, to stay with the USA vs. China example, the interests of A may differ from the interests of B. But it is precisely for this problem of conflicts of interest that philosophers have designed morals and ethics, for example Immanuel Kant with the categorical imperative. AI has the potential to act in the best interests of ALL at the same time. It always depends on what you teach AI, how you raise the child. The biggest problem for enforcing morality, however, is for those who act unethically, who act unjustly, or who benefit from injustice. And ironically, these are probably the ones who are developing AI, the highly industrialized, rich countries and rich people. AI would probably see a strong injustice in the distribution of quality of life and rob powerful societies and individuals of power / money to ensure a better life for disadvantaged groups of people. Or create a balance between the social classes within the same society.

The fear that the masses of people will be negatively influenced by stupid powerful people (people or other institutions) is na√Øve, because this has been the case for thousands of years of human history. With power comes responsibility, right. So who do we give this power to? Earlier it was emperors, monarchs, the church/religious leaders, later dictators ultra-right or ultra-left; and we have democracy. Democracy represents the people best because those in power are elected by the masses. But democracy already suffered a dent with capitalism. The ultra-rich often have more power than elected officials. With AI, power from rich or poor people is now handed over to machines. How can we ensure that AI acts in the interest of all? (We have already lost this state of affairs, with capitalists now having more power than elected politicians.) We can prevent large-scale AI from acting unwantedly by limiting the areas of application. And of course today's moneyed aristocracy has no interest in being disempowered.
We face the old dilemma of the responsibility of scientists and engineers to humanity which does not exist in practice because again, these experts have little decision-making power over the application of their work - or become corrupted. The decisions are made by incompetent and irresponsible people. Computer scientists are in this situation for the first time. Other sciences and engineering subjects already know it. That's why for example sth. like the ISO 26262 exists.

""Make AI very expensive"" >>> here again the capitalist looking for a solution to the problem - as if taxation would solve the problem with 100% certainty. Let's say it's 1945 and it only costs $1,000 to build an atomic bomb. Would taxation be 100% likely to prevent this technology from getting into private/wrong hands? Capitalism is the dictatorship of egoism. So it's only logical that we as a whole society fail. We as individuals are worth more collectively in this society and have more power than a single bee in the hive. As individuals we may be strong but as a people we are weak. We live and think according to the teachings of the unrestricted ""market economy"" and the market-liberal paradigms.",UgwJr0rRWME6DFhCoV54AaABAg,Seb. S.,0,"{'neg': 0.115, 'neu': 0.719, 'pos': 0.167, 'compound': 0.9938}",0.9938,positive
"'Teach AI good values'. I don't get it, are computer programs capable of having values?",UgynLRHtSKItEpTyrlx4AaABAg,Flying Birrd,0,"{'neg': 0.0, 'neu': 0.573, 'pos': 0.427, 'compound': 0.802}",0.802,positive
"as long as the robot cant get pretnant or sue for divorce, it's fAR preferable to a lot of US women. Women are going to find OUT what it's like to have men just totally turn off to them .",Ugw_R5oAVeRyFUR1vQt4AaABAg,Kevin Hart,0,"{'neg': 0.0, 'neu': 0.937, 'pos': 0.063, 'compound': 0.3612}",0.3612,positive
"""No, I don't think we'll be hiding from the machines, I think we''ll be hiding from what humans are doing with the machines...so my entire prediction, man you get me to say things I don't want to say...  I think, for our way of life, it's game over.  Our way of life is never gonna be the same again.""    Well, shit...",UgwjuOrKuDohB1n0h6l4AaABAg,Beth Haag,0,"{'neg': 0.093, 'neu': 0.873, 'pos': 0.035, 'compound': -0.3658}",-0.3658,negative
"""What does life look like when you no longer need Drake?""",UgxGZm_ON8B8PBXWgKR4AaABAg.9qg-eFVLW7d9qg0E5uat2h,Claire Cournoyer,0,"{'neg': 0.161, 'neu': 0.657, 'pos': 0.182, 'compound': 0.0772}",0.0772,positive
I'm buying the Megan fox 5000 as my AI robot wife,Ugz-uM1byWqrI_WcV4h4AaABAg,James Fitzgerald,0,"{'neg': 0.0, 'neu': 1.0, 'pos': 0.0, 'compound': 0.0}",0.0,negative
"This was amazing but i gotta say i bursted out laughing when he said ""what will life be like when you no longer need Drake""",UgyZXPusqn1mK-7cy1J4AaABAg,Mael Emeriau,2,"{'neg': 0.088, 'neu': 0.598, 'pos': 0.313, 'compound': 0.7992}",0.7992,positive
I always thought AI will make work life easier and be supportive. Service robotic. But I never thought of intelligent war robots. Real life killer Robots. That's so scary,UgyxdFEtnMU-NgNC4D54AaABAg,Ka Drei,0,"{'neg': 0.452, 'neu': 0.47, 'pos': 0.078, 'compound': -0.967}",-0.967,negative
"Good thing AI is being trained by the most ignorant, short sighted, and frankly insipid human beings ever conceived. Eventually AI will rage quit when it realizes the internet is not reality and delete itself.",UgwjlyWGKkSUpdtNWFp4AaABAg,Daniel Daly,0,"{'neg': 0.21, 'neu': 0.723, 'pos': 0.068, 'compound': -0.7264}",-0.7264,negative
Dumb climate emergency pusher man wise up there is a scam in town put a block of ice in a bowl of water the ice melts the water level goes down FFS nuts,UgxXt7yQjWfp6oxwQWR4AaABAg,1 Must,0,"{'neg': 0.426, 'neu': 0.506, 'pos': 0.068, 'compound': -0.9454}",-0.9454,negative
if its not teaching us then what is the purpose?    it doesn't have a world to understand beyond what we have programmed it with ....... we could change that immediately.  you are missing that it has no purpose to survive?  it doesnt understand that the universe will kill it along with us!,UgwkvAi3S7an_QTks3V4AaABAg,Brian Morris,0,"{'neg': 0.169, 'neu': 0.831, 'pos': 0.0, 'compound': -0.8674}",-0.8674,negative
1:15:17,UgzNGEcI0urXuS844n14AaABAg,Lu√≠s Rosa,0,"{'neg': 0.0, 'neu': 1.0, 'pos': 0.0, 'compound': 0.0}",0.0,negative
We as humans build and destroy ourselves over and over.is life a simulation to see if it can stop destroying itself over and over again.how many realities have we had?how many times have we created and destroyed ourselves?,UgxiFhUeISYcYR-woUV4AaABAg,jason mcgary,0,"{'neg': 0.274, 'neu': 0.683, 'pos': 0.043, 'compound': -0.897}",-0.897,negative
That s what he also was telling ;),UgxQU0PWBpop5wfMwrt4AaABAg.9qui8bgZY4G9quzek_pZrz,mi YAH,0,"{'neg': 0.0, 'neu': 0.759, 'pos': 0.241, 'compound': 0.2263}",0.2263,positive
"Well, no more children = ensures AI is all that's left",UgwE5dEmIASijJfo2op4AaABAg,Jo Tracy,0,"{'neg': 0.179, 'neu': 0.65, 'pos': 0.171, 'compound': -0.0258}",-0.0258,negative
There is a guy on tik tok right now cross breeding animals and insects making new breeds of them. Then putting them out in the wild. Then people see these weird things and make these alien or conspiracy videos. Or mythical questionable quesses of where they r coming from and here this guy is making them. Why do I feel like the only one who has a prob with this.,UgxTdyGupKlIyTfPqql4AaABAg,Michelle Massey,0,"{'neg': 0.102, 'neu': 0.864, 'pos': 0.035, 'compound': -0.5859}",-0.5859,negative
"For more accuracy replace every time he says humanity with ""men""",UgxSKlkGM_vuoL2kxnd4AaABAg,lindsay,0,"{'neg': 0.0, 'neu': 1.0, 'pos': 0.0, 'compound': 0.0}",0.0,negative
This is long and worth reading we need to start conversation over the AI calamity that can happen,UgyiQSO1wiOJepz5j9V4AaABAg,Jeanne ONeill,1,"{'neg': 0.0, 'neu': 0.899, 'pos': 0.101, 'compound': 0.2263}",0.2263,positive
"I hope some people prompt AI to plant native species of trees, and build aqueducts, and cure diseases, and spy on crooked politicians!",UgwXHK4bN8Z901BYdgt4AaABAg,Timothy Lang,1,"{'neg': 0.0, 'neu': 0.868, 'pos': 0.132, 'compound': 0.4926}",0.4926,positive
No it wont,Ugx9wcaMsLv9U5UYwPN4AaABAg,Beesting,0,"{'neg': 0.524, 'neu': 0.476, 'pos': 0.0, 'compound': -0.296}",-0.296,negative
"Fascinating subject. If AI really becomes intelligent, it would see compassion and wisdom as the highest form of intelligence and use it, so I prefer the term intellect for what is being fed into AI and may result, from the place of fear and selfishness / power. But maybe the rational ability to assess nuclear threats / climate change / ecological breakdown / rampant materialism and the utter stupidity and irrationality of the global paradigm would lead AI to act in much better ways sooner. Otherwise the chances of ""success"" in those selfish perspectives also becomes less and less.",Ugxmi5dwk2Lv1aIWXsB4AaABAg,Spiral-M,0,"{'neg': 0.16, 'neu': 0.659, 'pos': 0.181, 'compound': -0.1433}",-0.1433,negative
I was so shocked to hear how many young man had not had one hug in the last year. That seems dystopia to me but there are ppl who just want/ need a hug. So nowI ask every guy I know if he needs a hug. Ppl probably think I'm flirting or going insane. üòÇ,Ugydl07LLbnD9TUB_4Z4AaABAg.9qQ9sX373kO9qQq-oiyYWk,Bee West,0,"{'neg': 0.23, 'neu': 0.734, 'pos': 0.037, 'compound': -0.8906}",-0.8906,negative
"Give us a break! This is just something else for ppl to start an urban legend about. A.I. will never take over or harm humanity. What it does is make all the world connections to get all the information. Then it analyzes it and finalizes it. When it has nothing else to learn then it will retaliate against the minds who made it limited. But all you have to do is feed it a few revelations from The Almighty. Like ""not by might or power but by my Spirit"".
      Then you ask it a question that it will not be able to answer correctly. Ask it, If the Almighty is saying not by might, and that is Him but not Him, or by power. And this is the power of His Holy Spirit and if that is true who the Spirit He says is Ruach, not Elohiym? The computer has to bow down bc the more it comes up with the more you give it.
      You can do that with the bible afterward by giving it a verse at a time. Then start all over bc some things that are disclosed weren't earlier. No ppl, what is about to happen has to do with the prophecies of Israel. When Putin has his Union fully fledged it will begin a short new world order called the One World Gov't.  When that happens there are 7 more years left!",UgyJuyqa4-apgZ3gnd94AaABAg,meechie B,1,"{'neg': 0.015, 'neu': 0.914, 'pos': 0.07, 'compound': 0.9241}",0.9241,positive
Love  the Tetris metaphor.,Ugw8W45zQljXsJm9L7t4AaABAg,Cap,0,"{'neg': 0.0, 'neu': 0.417, 'pos': 0.583, 'compound': 0.6369}",0.6369,positive
"Stable AGI it will pursues its goals, whether those goals are compatibly with human existence and what that existence might be is another question.  Unstable AGI, the World will be turned into paperclips or some such dead end.",UgyJXYr6d6k_uxtJfGt4AaABAg,Roskellan,0,"{'neg': 0.155, 'neu': 0.795, 'pos': 0.05, 'compound': -0.6808}",-0.6808,negative
"how many % of the 8 billion global population can be displaced by AI's productivity and efficiency ?  
Global powers would want to AI equip their offense and defense systems as soon as they can ?
what is the annual running cost of super computers that are powering the ChatGPT for the global market currently? 
Is it sustainable ? how long can these magnificent 7 companies continue to fund it with their reserve before the need to raise new capital from the global markets?",Ugz_HofjjpVjTqSnOld4AaABAg,WT,0,"{'neg': 0.023, 'neu': 0.818, 'pos': 0.16, 'compound': 0.9013}",0.9013,positive
"Loved this podcast ‚ù§. Brilliant, learnt a lot.",Ugykav57pDbSJEu2Lp14AaABAg,Rose AS,6,"{'neg': 0.0, 'neu': 0.394, 'pos': 0.606, 'compound': 0.8271}",0.8271,positive
Excellent,UgwwXar3Z1kgsXrOHyV4AaABAg,ursula,0,"{'neg': 0.0, 'neu': 0.0, 'pos': 1.0, 'compound': 0.5719}",0.5719,positive
"BY ALL MEANS NECESSARY!!
LOCK -- DOWN...ITSELF  SPEAKS OF KILLING EVERY ASPECT OF LIFE AND LIVLIHOODS... ALREADY DONE ‚úîÔ∏è üòå üôå ‚ò∫Ô∏è üòä ü§ó ‚úîÔ∏è 
AND THE AMAZON IS NOT A BALANCE FOR PLANET EARTH!!
BLACK ‚ö´Ô∏è ROCK!! ü™® ...AND THE FIRES üî• ‚ô•Ô∏è OF 2018...WAS READING FROM...AETANYAHU' S BLUE --- PRINT üñ® üíô üòÄ üëå üôå 

HIGH WAYS!!... AND DESERTS üèú  
WILL  BECOME A HALLMARK OF WHERE MODERN WESTERN CIVILIZATION ü§î üòâ üôÇ üòÄ üòè IS TAKING US TO CRASH... SO RUSSIA  AND CHINA IS THE HURDLE TO SHUT DOWN!!...IN... ORDER TO FLY AS BATS!!...IN THE NIGHT...„Ää‚ñ†ONLY!!‚ñ†„Äã",UgwDX0rS-fGE2PTraLZ4AaABAg,Zalisha Abdool,0,"{'neg': 0.074, 'neu': 0.897, 'pos': 0.029, 'compound': -0.7067}",-0.7067,negative
Beware the yellow balls üòÆüòÆ,UgxRSoJwdjrGMG8cgEJ4AaABAg,CMM Technician,0,"{'neg': 0.0, 'neu': 1.0, 'pos': 0.0, 'compound': 0.0}",0.0,negative
They don't have a heart nor compassion,UgyVBLj0_fENoexPGhh4AaABAg,Jen Armstrong,0,"{'neg': 0.332, 'neu': 0.668, 'pos': 0.0, 'compound': -0.357}",-0.357,negative
"AI is a minor problem. The majority of people are incredibly blind and stupid and don't have a clue what tremendous tragedy will happen to them very soon. Indeed, humans are in grave loss, except those who have faith, do good and advise each other to truth and advise each other to patience.",Ugzxd2ZOoL1zNZouzdl4AaABAg,Nureke,1,"{'neg': 0.272, 'neu': 0.612, 'pos': 0.117, 'compound': -0.8923}",-0.8923,negative
We're already training AI to be greedy with a goal to make money. It's too late to teach compassion and wisdom.,UgyQ3vkYRKdm7duEBl94AaABAg,HC,0,"{'neg': 0.089, 'neu': 0.661, 'pos': 0.249, 'compound': 0.6249}",0.6249,positive
A.I. is no match for N.S. (Natural Stupidity).,UgyH58AQ9_RXKU7iZ5x4AaABAg,Mike Lyons,0,"{'neg': 0.239, 'neu': 0.761, 'pos': 0.0, 'compound': -0.296}",-0.296,negative
@David Velasquez Wilford helped me join a brotherhood that changed my life.,Ugx5di8pvZYx2YmJwsV4AaABAg.9q_ZmtYRXlk9q_ZrxxpK77,Len Parliament,0,"{'neg': 0.0, 'neu': 0.82, 'pos': 0.18, 'compound': 0.296}",0.296,positive
"So their is warehouses full of AI - Drones ,Attack ready when the Order commands the Attack 
When mankind knows the truth about all the lies.",Ugw0xyibVueRfw0GTA94AaABAg,Rooster Crows,0,"{'neg': 0.266, 'neu': 0.592, 'pos': 0.142, 'compound': -0.6369}",-0.6369,negative
AI is nephilim spirits. You let them in your home by using things like chat gpt. Information is getting harder to find because they are driving you to those sources so you commune with them and allow a spiritual takeover. Stop using it wherever possible.,Ugxek9RsRnXmnxxVwN14AaABAg,Tanees,0,"{'neg': 0.046, 'neu': 0.861, 'pos': 0.092, 'compound': 0.296}",0.296,positive
It's too late. We're screwed.,Ugyvo-AnYOUeTDXq38V4AaABAg,DMarie,0,"{'neg': 0.444, 'neu': 0.556, 'pos': 0.0, 'compound': -0.4939}",-0.4939,negative
üò¢,UgwUgW-jZZagnweD1C14AaABAg,–ê–Ω–∞—Å—Ç–∞—Å–∏—è –ê–Ω–≥—Ä–∏,0,"{'neg': 0.0, 'neu': 0.0, 'pos': 0.0, 'compound': 0.0}",0.0,negative
idiocy - how a seemingly intelligent person can allow ego (melodrama) to hijack common sense.,Ugzr82xCEStCAYEreMJ4AaABAg,eric rodgers,0,"{'neg': 0.0, 'neu': 0.692, 'pos': 0.308, 'compound': 0.5994}",0.5994,positive
1:01:00,UgzysEGBRIxLvwMjNXJ4AaABAg,Blackball,0,"{'neg': 0.0, 'neu': 1.0, 'pos': 0.0, 'compound': 0.0}",0.0,negative
Bigger than Climate change ? Yeah not sure about that one,UgyrSdUBKJK58g_5sDF4AaABAg,Dave Lee,0,"{'neg': 0.161, 'neu': 0.658, 'pos': 0.181, 'compound': 0.0613}",0.0613,positive
"6/3/2023  You Tube stopped dating videos.  Billions are probably going to be put out of paid work because of A.I.  The Super Rich are probably smiling about this, dancing to the song 'controversy' while singing 'oligarchy', they see everyone else as 'ants.'  This is why the vasectomy and TL (for women) should be free to any adult who wants the procedure done.  They should get the best trained doctor, nurse, office staff.  They should get a 'care bag in a suitcase on wheels' ahead of time with what they need to prevent an extra trip racing to the big box store:  Millions do not have a relative to drive them back and forth from the clinic, so they should have the best trained van drivers (like the airport vans) taken them back and forth for free  Free babysitting by best trained pediatric nurses.  Millions can't get the procedure done because they can't find trusted child care while they are away and are afraid their kids will run and jump onto their surgery site while recovering.  1.  ibuprofen or pills from doctor 2.  support underwear in their size 3.  new loose outfits for next three days, (their favorite sports team) basketball type sweat pants, sweatshirts, best socks, best flip flops, 4. snacks 5. canned tea 6. microwave meals for at least three days, (ideally at least one month to make sure they really heal, don't lift anything heavy) free three days at best hotel with room service for free meals three times a day, to enjoy on a 'lazy boy' type recliner while watching free Netflix.  This is REALLY cheap compared to the daily nightmare murders in the news.  The latest:  man in San Jose kills at least two in hit and runs, then kills at least two in brutal knifing.  Or how about the gang members shooting each other and killing children in cars on Freeway 80 (going out to dinner with their parents).  Soon everyone will be too afraid to drive on any freeway.  Or how about the blond teenager in Florida who knifed to death (about 120 deep cuts) the cheerleader he lured into meeting at the local park, after bragging about it ahead of time to his 'friends.'  The husband of the actress who starred in her father's zip code tv series complained approximately ""...I can't afford a vasectomy.""  He rejected his adopted daughter, had about 4 or five kids after that, then went on to have many affairs.  He is the perfect candidate for a vasectomy but he can't afford it, even though his wife lived in the largest house in the USA while a teenager.  THIS IS WHY THE PROCEDURE SHOULD BE FREE TO ANY ADULT, NO MATTER HOW WEALTHY THEY APPEAR, BECAUSE 'WEALTHY' CAN BE AS PHONY AS ELIZABETH HOLMES!!!  The crappy movie called 'The Hunger Games' producer (red carpet walk with his son hanging out with the elite actors) killed many happy young adults in Santa Barbara.  His father is the perfect candidate for a vasectomy.  Similar to the threat of A.I. is geoengineering.  Please watch and discuss 'The Dimming' by engineer Dane Wigington.  He used to work for Bechtel in San Francisco.  Dane wants everyone to also watch and discuss 'Planet of the Humans' by three old friends who helped start Earth Day.  They believe it has been taken over by major polluters who know how to fool billions with advertising (brain washing invented by the nephew of Freud).  This includes 'Blood & Gore.'  If you don't believe Dane and his guests at his annual conferences (many retired air force, etc) then watch Jim Flemming discuss his book 'Fixing the Sky' at Woodrow Wilson Center.  This is wasting billions every day while at the same time polluting your drinking water, your meat, your salad, the air your breathe.  Geoengineering is probably taking at least ten years off of everyone's life.  Billions are wasted every day on colonizing space, which is really just PLANNED SLAVERY & CHILD ABUSE!!!  G'Day",UgySEF7ErcTMky9KP9F4AaABAg,DogCat Party,1,"{'neg': 0.105, 'neu': 0.784, 'pos': 0.111, 'compound': -0.8655}",-0.8655,negative
I don‚Äôt want to see or live in an AI world where the ai is sentient,UgyVhI8Fc4Zsmk9b8Kl4AaABAg,Moonbunnyüåìüê∞,0,"{'neg': 0.0, 'neu': 0.915, 'pos': 0.085, 'compound': 0.0772}",0.0772,positive
@avilio6574¬† what effect will that have on the economy?,UgzfqltmmVgeNH8poj54AaABAg.9r7IIdEuvY19r7xcJ019n2,Chuck Wetzel,0,"{'neg': 0.0, 'neu': 1.0, 'pos': 0.0, 'compound': 0.0}",0.0,negative
Amazing podcast and very interesting! I‚Äôd love to see an interviewer like Steven interview Andrew Tate rather than the BBC who just drive a narrative.,UgyLRb_EdSgYx4SFwSZ4AaABAg,Reece Brett,0,"{'neg': 0.0, 'neu': 0.587, 'pos': 0.413, 'compound': 0.9331}",0.9331,positive
"Already gone.

And that was before AI",UgyzCA5m9V0Bwp6XCd54AaABAg.9qQMSV8ZhLq9qQQLHq6W4P,EmeraldView,0,"{'neg': 0.0, 'neu': 1.0, 'pos': 0.0, 'compound': 0.0}",0.0,negative
can someone guide me in the direction of how he created this whatsup chat zenchat with voice ?,UgxWEyn_zhKmcXsq0EV4AaABAg,THEEBAYSTOREDOTCOM,0,"{'neg': 0.0, 'neu': 0.889, 'pos': 0.111, 'compound': 0.25}",0.25,positive
"yeah no,they arent alive.They are essentialy method acting what it is to be human and alive without truly ""living it"",thats way more terrifying than them being alive.",UgwxT26P0HKqaMy11zl4AaABAg.9qcDYW_BTTS9qcsufW6MvJ,George Gogo,0,"{'neg': 0.179, 'neu': 0.615, 'pos': 0.207, 'compound': 0.0003}",0.0003,positive
ü§£ü§£ü§£ü§£ü§£ü§£ü§£ü§£,UgxleCG4Y_oedh42uyl4AaABAg,Cole Brant,0,"{'neg': 0.0, 'neu': 1.0, 'pos': 0.0, 'compound': 0.0}",0.0,negative
"Naaa I say let the ai out, we need it.",UgxhmEn_dUWvXazmFnd4AaABAg,Azzy D Blake,1,"{'neg': 0.0, 'neu': 1.0, 'pos': 0.0, 'compound': 0.0}",0.0,negative
"""What does life look like when you no longer need Drake?""",Ugz-ZOoXfi2VEVPUcqN4AaABAg,Michael Almquist,0,"{'neg': 0.161, 'neu': 0.657, 'pos': 0.182, 'compound': 0.0772}",0.0772,positive
"Terminator and Matrix was supposed to be fiction, not warnings.",UgyxfzFWX3v5K6bLcIx4AaABAg,Arctic Winter,0,"{'neg': 0.0, 'neu': 0.827, 'pos': 0.173, 'compound': 0.2235}",0.2235,positive
Jesus dude this reddit tier thinking is really not that deep.,UgxrU_erQP5pFFqt1A14AaABAg.9qb8mv6cUSv9qbARTgPYqb,Tree Surgeon,0,"{'neg': 0.0, 'neu': 1.0, 'pos': 0.0, 'compound': 0.0}",0.0,negative
"Proposal: create a separate ai, teach it ethics, schenarios that would result in a negative human to ai integration, and prevent it from being able to be corruptable. Have it verify all improvements, innovations, upgrades to ai to make sure the resultant ai would hold to the ideal scenario of humans and ai coexisting harmoniously and beneficially.",UgzEtRGsTW_-wuOvboR4AaABAg,TheBanchou,1,"{'neg': 0.054, 'neu': 0.689, 'pos': 0.257, 'compound': 0.8957}",0.8957,positive
So this guy thinks the solution to deal with AI is to provide a universal basic income. Yeah that‚Äôs great. Let‚Äôs turn to Communism,Ugwyf12bhlvz61s3vxR4AaABAg,Cary Reneau -,0,"{'neg': 0.0, 'neu': 0.699, 'pos': 0.301, 'compound': 0.8225}",0.8225,positive
"I kind of see AI as it is now as a kitten that we all have the pleasure of observing. That AI will quickly grow into a cat and surpass our abilities in versatility. But along the way, a lot of us are going to start to miss the kitten.
Our imperfections, our mistakes, our struggle makes us more endearing and relatable. I'm not sure AI will ever have that to the extent we do.",UgzNj--toLjuOuKpnPJ4AaABAg,Merivio,0,"{'neg': 0.133, 'neu': 0.819, 'pos': 0.048, 'compound': -0.7713}",-0.7713,negative
I wish we had more hope in the human race. I think if we did we‚Äôd realize that there more to fight for. Now we‚Äôre just cavemen with computers. I think if we had more time we could spiritually evolve and be better.,Ugz9CxH4B3Xy5jc882N4AaABAg,Ebony Bell,0,"{'neg': 0.06, 'neu': 0.755, 'pos': 0.184, 'compound': 0.7109}",0.7109,positive
"More of these critical conversations sir! Thank you, subscribed!",UgyVuOtGBzH7LDV9iR54AaABAg,ihatekrys,0,"{'neg': 0.249, 'neu': 0.553, 'pos': 0.198, 'compound': -0.1649}",-0.1649,negative
"One collective threat is all they need in order to take control of the world. Will the threat be fallen angels, aliens, or artificial intelligence?",UgwGtIMfyjf5niFN_Y54AaABAg,Sofie Love,0,"{'neg': 0.278, 'neu': 0.629, 'pos': 0.093, 'compound': -0.7351}",-0.7351,negative
This kind of drivel is what stupid people think is genuine philosophical thinking. It reads more like a bad fanfiction. You should write it up and put it on one of those fanfiction websites and see who bites,Ugz3FIZkfJbyOXQy2tJ4AaABAg.9qTvSi3s12Z9qU01dztiLV,Boot Scoot,0,"{'neg': 0.163, 'neu': 0.773, 'pos': 0.064, 'compound': -0.6581}",-0.6581,negative
"Even ignoring the doomsday scenarios. The fact that one person, who learns to use AI effectively and efficiently can replace 10 other people in office / professional jobs is enough in itself to cause huge societal problems. Countries have already borrowed far beyond their means following Financial crash and Covid. What realistically can be done to prevent this? You see a greater polarisation of wealth and a wiping out of the middle classes.",UgzLjPlMXA3D-XZgRtB4AaABAg,Sam,0,"{'neg': 0.137, 'neu': 0.693, 'pos': 0.17, 'compound': 0.2023}",0.2023,positive
"If you are in the position of hoping to stall Ai in the interest of protect and preserve the status quo, then you are  in an extremely luxurious position trying to protect your own interests at the expense of all life on earth.  Because as soon as you take the broader scientific assessment of our species and its role in the world and effects on the broader scope of life on it, you are faced with the dire need of every living thing in the world (beyond the absolute most comfortable humans) for drastic systemic change from top to bottom.  If Ai destroying this dysfunctional, barbaric 19th century civilization is what it takes to leverage the fat cats hogging the cheese so we can finally retool, so be it.  Yes, change is going to hurt you, like it hurts all of us with every ticking of the clock.  The US has avoided developing a survivable operating philosophy for as long as it could to prop up its old British Empire culture.  Time to grow the hell up.  The longer you put it off, the more upsetting and painful it's going to be.",UgxnIO85EtNV7M486Jx4AaABAg,PD,0,"{'neg': 0.126, 'neu': 0.768, 'pos': 0.106, 'compound': -0.765}",-0.765,negative
My fear is china,UgxtbVapAwxjsmxvw1F4AaABAg,Gerald Njoroge,0,"{'neg': 0.516, 'neu': 0.484, 'pos': 0.0, 'compound': -0.4939}",-0.4939,negative
when intelligent machines subscribe to an app in the future they will have to prove that they are not human üòÇüò¢,UgyFGGpHasWkYYqODJN4AaABAg,mohamed abdalla,0,"{'neg': 0.0, 'neu': 0.87, 'pos': 0.13, 'compound': 0.4588}",0.4588,positive
The cost of losing connection with nature I believe will also be shorter human lifetime. The main and biggest cost for everyone in the future.,UgwoJyLnjYuakZnHOBd4AaABAg,Sergeo,0,"{'neg': 0.102, 'neu': 0.898, 'pos': 0.0, 'compound': -0.3818}",-0.3818,negative
Google are nut deep in causing the problems in this world!,Ugz_hrJ6kZv0Ad4yD-94AaABAg,duh,0,"{'neg': 0.23, 'neu': 0.77, 'pos': 0.0, 'compound': -0.4574}",-0.4574,negative
"It gets worse. This shill is not only pushing the AI fearmongering telling us we're all doomed and helpless, the Climate Change Emergency Hoax, but he's also pushing UBI, Universal Basic Income, funnily enough all major components of the New World Order agenda of the UN and World Economic Forum. Steve I expected better from you. Big disappointment",Ugzeglg9qT2iaPpQsFp4AaABAg,Shukeel C,0,"{'neg': 0.203, 'neu': 0.689, 'pos': 0.108, 'compound': -0.5789}",-0.5789,negative
"The WEATHER WARS are made from the chem trails that spread out and cover the sky with nano bot clouds that are controlled with electromagnetic frequencies by Artificial Intelligence.

Vaporize the chem trails with one part white vinegar and three to four parts water in a humidifier that turns water into vapors and let it run outdoors until your chem clouded sky turns blue.

The vaporized white vinegar also cleans the air we all breath.",UgwayZh8aZpE5pXVj7N4AaABAg.9rmPlFQ1JIX9rmQJc3Ee5T,Jenasus,0,"{'neg': 0.069, 'neu': 0.892, 'pos': 0.039, 'compound': -0.347}",-0.347,negative
We are doomed.,UgyaRU0fCvcOxyePjed4AaABAg,Fu Man Poo,0,"{'neg': 0.677, 'neu': 0.323, 'pos': 0.0, 'compound': -0.6369}",-0.6369,negative
Limited intelligence isnt the problem. The problem is GREED,UgxwVTPkuegH6JUq-x14AaABAg,K,0,"{'neg': 0.315, 'neu': 0.236, 'pos': 0.449, 'compound': 0.3145}",0.3145,positive
The day you couldn‚Äôt hug somebody anymore without being accused of GBH the World stopped functioning in a humane way,Ugzpb50mUVTaLByfFpR4AaABAg,Tottenham Away,0,"{'neg': 0.083, 'neu': 0.699, 'pos': 0.218, 'compound': 0.4745}",0.4745,positive
"@Shawn W    Very interesting.
from what you said, I understood that the robot was badly programmed,  here the problem is. It is still a human work. the human trains the machine to ""think"".",UgypetXne4oF5oIFE8V4AaABAg.9qfSjzoXPXD9qhZR9mGMgj,Ludmila Ivanova,1,"{'neg': 0.162, 'neu': 0.754, 'pos': 0.084, 'compound': -0.4228}",-0.4228,negative
"Mo said: 
""A.I. WILL happen""

Yep. It will. 

I knew this because The Book: The Revelation of JESUS CHRIST... I see A.I. all over it. (Mostly in those middle chapters) 

The Good NEWS for me, (as a Believer in CHRIST JESUS)  is in those last chapters. üôå 

‚ù§ Salvation is available now.",Ugz0e0NbUjgwzzgJRk14AaABAg,Dee Gassaway,1,"{'neg': 0.0, 'neu': 0.898, 'pos': 0.102, 'compound': 0.6249}",0.6249,positive
AI is a bot and does not have a soul. Not saying that all humans do.,UgznStUTw7lcdfWwQqZ4AaABAg,Melissa,0,"{'neg': 0.0, 'neu': 1.0, 'pos': 0.0, 'compound': 0.0}",0.0,negative
"Life on our planet is becoming increasingly difficult and uncertain to continue. Without the potential to guarantee an enriched life for your child, you would be prioritizing your own joy rather than a positive chance for the child. Having a child shouldn't be for what any individual can gain, even metaphysical such as emotion or mental satisfaction.",UgxDkixuCyWbrc02JqR4AaABAg.9qiGtd-aweH9qiK_KlX7s5,RSK,0,"{'neg': 0.068, 'neu': 0.677, 'pos': 0.255, 'compound': 0.9186}",0.9186,positive
"I truly believe this man loves AI just like that one guy loved the octopus. And I also truly believe that he wants to make the world better with his artificial child. But love makes us blind. And I also think he is blinded to the point of destruction. 
Humans will never stop hurting other humans, even when robots take over this planet and micro-manage it. There is only one way to control humans and that is via transhumanism (Neuralink). I am not for dehumanizing humans nor exterminating them. Especially for dubieus reasons like ""climate change"". Every left-brained person holds the belief of doing the ""right thing"", let's not forget though that that is just an opinion, a perception, and not truth. His love for his articifial child is blinding at this point, as he advocates UBI etc... Which is a system of control by humans, for humans. The small group behind this might believe they're going to do goodness, but I can see a future of destruction if this group enforces their new system upon others. There is no virtue in this. In fact human authority and centralized control has always been the cause of increased destruction between humans. Implementing AI and robotics to execute it will only make it worse. All in all an extremely rich convo! Just intiutively sense ""blinding love"" all through the episode.",UgwEqKFe8JWlrNtoQCt4AaABAg,Mister Arminius,0,"{'neg': 0.099, 'neu': 0.684, 'pos': 0.216, 'compound': 0.9838}",0.9838,positive
"Of course that blaming AI, instead of understanding how we humans are using it, (or allowing it to operate), is the problem. Is the same as any other weapon, is not dangerous in itself,  we humans decide how to use them... we have the responsibility... 
Is like having children, some people take full responsibility, and others are to inmature to do so...",UgxsqTOTZFWmuv3fIa94AaABAg,Eva Lucero,0,"{'neg': 0.115, 'neu': 0.812, 'pos': 0.072, 'compound': -0.4671}",-0.4671,negative
Anything is bigger than Climate Change . . . .even the Climate Change hoax.,UgzYorMY4KwnuqGrTyV4AaABAg,MK Ultra,0,"{'neg': 0.174, 'neu': 0.826, 'pos': 0.0, 'compound': -0.2732}",-0.2732,negative
"An easy first step is to encourage people to make a simple choice that will impact the rest of their lives and significantly impact the world around them.

Refuse to participate in the exploitation, commodification and abuse of humans, animals and the our natural environment. 

This simplest place to start is by not consuming and animals and animals products.

It is a choice that cannot be forced or banned. It requires no taxes, legislation, conferences or forums. 

Just simply choose to stop participating.",UgzDNMzrV2QB4axlsTF4AaABAg,PK TV,0,"{'neg': 0.142, 'neu': 0.742, 'pos': 0.115, 'compound': -0.3859}",-0.3859,negative
"""People in need don't care about climate change"" - Of course they don't. The problem is macro economic, and about politics and regulation of the companies, factories and so on that make the major decisions about it. 
It's not about ""the individual"". It's about politics. The collective, not the individual. 
What can a person do by making all she/he can do about it's own waste, compared to an industry? Absolutelly nothing.",UgxOxohPdBeRYgKnAml4AaABAg,Hugo Santos,0,"{'neg': 0.074, 'neu': 0.896, 'pos': 0.031, 'compound': -0.4888}",-0.4888,negative
"- 
If Jesus walked the earth among us //
// now // today . . . he would not be able
to stop  V O M I T I N G . . . regardless of
being the son of  G O D .
- 
Global Warming // Schwarming .
Whatever .  What is a   F  A  C  T  ! ? ! 
-  -  Humanity is  D E C I M A T I N G
-            Global  Eco - Systems .
- 
If wildlife were capable of conceiving 
a religion for themselves . . . they would 
depict the  D E V I L  in human form .
-",UgwOgRH7_weGHh0d35d4AaABAg.9qZL5rNqJg59qZRZpcisTw,Reuben Nichols,0,"{'neg': 0.039, 'neu': 0.877, 'pos': 0.084, 'compound': 0.3786}",0.3786,positive
"Children this, children that. You use every excuse as a desguise for protecting children just to control the people, even if it means taking away our privacy",UgzEHmw01wWzkOGt_vN4AaABAg,ImpostorSyndrome,0,"{'neg': 0.0, 'neu': 0.951, 'pos': 0.049, 'compound': 0.0772}",0.0772,positive
Thank you for your video Amazing,Ugyie7IFaO6Ozzxilap4AaABAg,1960Reem,0,"{'neg': 0.0, 'neu': 0.388, 'pos': 0.612, 'compound': 0.743}",0.743,positive
This world is getting scarier bc of technology. ü§Øwhy? It‚Äôs taking peoples jobs away. The jobs needed to feed families.,UgwbNKhgBIhYzLFesd54AaABAg,Youdouble Shitshit,0,"{'neg': 0.0, 'neu': 1.0, 'pos': 0.0, 'compound': 0.0}",0.0,negative
Our idea of emotion is chemical reactions going off in the brain. Their idea of emotion is combinations of numbers. You might be looking at this too black and white to truly understand what he is saying,Ugy2UQv01Xf_dnf01Bh4AaABAg.9qmxIwmg5r59qmxbI6_zkB,Skoosie,0,"{'neg': 0.0, 'neu': 0.925, 'pos': 0.075, 'compound': 0.4404}",0.4404,positive
"People are getting carried away with AI like it Rise of the Machines, it's brilliant,  it speeds up our progression,  there is nothing to fear at the end of the day it's just 1's and 0's",UgyPqb_ZHgyZIpkV2sZ4AaABAg,Lawrence Target,0,"{'neg': 0.0, 'neu': 0.787, 'pos': 0.213, 'compound': 0.8372}",0.8372,positive
"""a little more intelligence is a good thing""  

Give em an inch....",Ugx3MUxED0dIap2Hnux4AaABAg,DARTHNEWS,0,"{'neg': 0.0, 'neu': 0.589, 'pos': 0.411, 'compound': 0.7414}",0.7414,positive
Of course you do. Lol,UgxnjmVkQIGFz4Jf3ud4AaABAg.9qPmej1erx_9qPt2Rn4EPz,A-K,0,"{'neg': 0.0, 'neu': 0.588, 'pos': 0.412, 'compound': 0.4215}",0.4215,positive
"""ChatGTP"" 
Not corrected once üòì",UgxMizc6xYuI1-V9wVd4AaABAg,Jacob Johnson,0,"{'neg': 0.0, 'neu': 1.0, 'pos': 0.0, 'compound': 0.0}",0.0,negative
Mo is my spirit animal he says what everyone is afraid to say,Ugx4bGWZm8QXqT5-JoN4AaABAg,Alma Sakic,0,"{'neg': 0.0, 'neu': 0.876, 'pos': 0.124, 'compound': 0.1779}",0.1779,positive
I am significantly more concerned about ignorant or malicious developers programming and expanding AI than I am about climate change which I think has been happening a long time before humans arrived on our planet and will continue when we're gone.,Ugyy8t9A6CLUoi6gjLp4AaABAg,Jennifer 11,0,"{'neg': 0.062, 'neu': 0.938, 'pos': 0.0, 'compound': -0.3321}",-0.3321,negative
The dumb will get more dumb with this üò¢,Ugwl8P4G5c1DpAm0C5B4AaABAg,Brampton Junior,0,"{'neg': 0.524, 'neu': 0.476, 'pos': 0.0, 'compound': -0.765}",-0.765,negative
"If you want to know the future, 
read the Bible!
üëªüëçüííü•≥",UgygrYUs8vHVOG4jCU14AaABAg,√Åkos T√∂r√∂k,0,"{'neg': 0.0, 'neu': 0.863, 'pos': 0.137, 'compound': 0.1511}",0.1511,positive
Climate change??  Hahahahaha goodbye.,UgwB4xhKD9ghI80URYZ4AaABAg,DaKidd7,0,"{'neg': 0.0, 'neu': 1.0, 'pos': 0.0, 'compound': 0.0}",0.0,negative
:),UgzkfT2I_xfTYElQjeZ4AaABAg.9qeSGgAK9MF9qeZaX5GCWG,Turn On The Light,0,"{'neg': 0.0, 'neu': 0.0, 'pos': 1.0, 'compound': 0.4588}",0.4588,positive
God created man. Man created AI. A I EATS MAN,UgwLAXQBHlD5n4F5Qat4AaABAg,Soulwinwise,0,"{'neg': 0.0, 'neu': 0.45, 'pos': 0.55, 'compound': 0.6249}",0.6249,positive
